name,label,profile,protocol,floor,room,telemetryTopic,commandTopic,statusTopic,deviceToken,authType,username,password,telemetryUri,commandUri,pskIdentity,pskValue
b01-f01-r101,MQTT Floor 01 Room 101,MQTT-ThermalSensor,mqtt,1,101,campus/b01/f01/r101/telemetry,campus/b01/f01/r101/cmd,campus/b01/f01/r101/status,b01-f01-mqtt-01-token,username_password,mqtt_b01-f01-r101,pass_01_01,,,,
b01-f01-r102,MQTT Floor 01 Room 102,MQTT-ThermalSensor,mqtt,1,102,campus/b01/f01/r102/telemetry,campus/b01/f01/r102/cmd,campus/b01/f01/r102/status,b01-f01-mqtt-02-token,username_password,mqtt_b01-f01-r102,pass_01_02,,,,
b01-f01-r103,MQTT Floor 01 Room 103,MQTT-ThermalSensor,mqtt,1,103,campus/b01/f01/r103/telemetry,campus/b01/f01/r103/cmd,campus/b01/f01/r103/status,b01-f01-mqtt-03-token,username_password,mqtt_b01-f01-r103,pass_01_03,,,,
b01-f01-r104,MQTT Floor 01 Room 104,MQTT-ThermalSensor,mqtt,1,104,campus/b01/f01/r104/telemetry,campus/b01/f01/r104/cmd,campus/b01/f01/r104/status,b01-f01-mqtt-04-token,username_password,mqtt_b01-f01-r104,pass_01_04,,,,
b01-f01-r105,MQTT Floor 01 Room 105,MQTT-ThermalSensor,mqtt,1,105,campus/b01/f01/r105/telemetry,campus/b01/f01/r105/cmd,campus/b01/f01/r105/status,b01-f01-mqtt-05-token,username_password,mqtt_b01-f01-r105,pass_01_05,,,,
b01-f01-r106,MQTT Floor 01 Room 106,MQTT-ThermalSensor,mqtt,1,106,campus/b01/f01/r106/telemetry,campus/b01/f01/r106/cmd,campus/b01/f01/r106/status,b01-f01-mqtt-06-token,username_password,mqtt_b01-f01-r106,pass_01_06,,,,
b01-f01-r107,MQTT Floor 01 Room 107,MQTT-ThermalSensor,mqtt,1,107,campus/b01/f01/r107/telemetry,campus/b01/f01/r107/cmd,campus/b01/f01/r107/status,b01-f01-mqtt-07-token,username_password,mqtt_b01-f01-r107,pass_01_07,,,,
b01-f01-r108,MQTT Floor 01 Room 108,MQTT-ThermalSensor,mqtt,1,108,campus/b01/f01/r108/telemetry,campus/b01/f01/r108/cmd,campus/b01/f01/r108/status,b01-f01-mqtt-08-token,username_password,mqtt_b01-f01-r108,pass_01_08,,,,
b01-f01-r109,MQTT Floor 01 Room 109,MQTT-ThermalSensor,mqtt,1,109,campus/b01/f01/r109/telemetry,campus/b01/f01/r109/cmd,campus/b01/f01/r109/status,b01-f01-mqtt-09-token,username_password,mqtt_b01-f01-r109,pass_01_09,,,,
b01-f01-r110,MQTT Floor 01 Room 110,MQTT-ThermalSensor,mqtt,1,110,campus/b01/f01/r110/telemetry,campus/b01/f01/r110/cmd,campus/b01/f01/r110/status,b01-f01-mqtt-10-token,username_password,mqtt_b01-f01-r110,pass_01_10,,,,
b01-f01-r201,CoAP Floor 01 Room 201,CoAP-ThermalSensor,coap,1,201,,,campus/b01/f01/r201/status,b01-f01-coap-01-token,psk,,,coap://[node_ip]/f01/r201/telemetry,coap://[gateway_ip]/f01/r201/actuators/hvac,coap_b01-f01-r201,psk-01-01
b01-f01-r202,CoAP Floor 01 Room 202,CoAP-ThermalSensor,coap,1,202,,,campus/b01/f01/r202/status,b01-f01-coap-02-token,psk,,,coap://[node_ip]/f01/r202/telemetry,coap://[gateway_ip]/f01/r202/actuators/hvac,coap_b01-f01-r202,psk-01-02
b01-f01-r203,CoAP Floor 01 Room 203,CoAP-ThermalSensor,coap,1,203,,,campus/b01/f01/r203/status,b01-f01-coap-03-token,psk,,,coap://[node_ip]/f01/r203/telemetry,coap://[gateway_ip]/f01/r203/actuators/hvac,coap_b01-f01-r203,psk-01-03
b01-f01-r204,CoAP Floor 01 Room 204,CoAP-ThermalSensor,coap,1,204,,,campus/b01/f01/r204/status,b01-f01-coap-04-token,psk,,,coap://[node_ip]/f01/r204/telemetry,coap://[gateway_ip]/f01/r204/actuators/hvac,coap_b01-f01-r204,psk-01-04
b01-f01-r205,CoAP Floor 01 Room 205,CoAP-ThermalSensor,coap,1,205,,,campus/b01/f01/r205/status,b01-f01-coap-05-token,psk,,,coap://[node_ip]/f01/r205/telemetry,coap://[gateway_ip]/f01/r205/actuators/hvac,coap_b01-f01-r205,psk-01-05
b01-f01-r206,CoAP Floor 01 Room 206,CoAP-ThermalSensor,coap,1,206,,,campus/b01/f01/r206/status,b01-f01-coap-06-token,psk,,,coap://[node_ip]/f01/r206/telemetry,coap://[gateway_ip]/f01/r206/actuators/hvac,coap_b01-f01-r206,psk-01-06
b01-f01-r207,CoAP Floor 01 Room 207,CoAP-ThermalSensor,coap,1,207,,,campus/b01/f01/r207/status,b01-f01-coap-07-token,psk,,,coap://[node_ip]/f01/r207/telemetry,coap://[gateway_ip]/f01/r207/actuators/hvac,coap_b01-f01-r207,psk-01-07
b01-f01-r208,CoAP Floor 01 Room 208,CoAP-ThermalSensor,coap,1,208,,,campus/b01/f01/r208/status,b01-f01-coap-08-token,psk,,,coap://[node_ip]/f01/r208/telemetry,coap://[gateway_ip]/f01/r208/actuators/hvac,coap_b01-f01-r208,psk-01-08
b01-f01-r209,CoAP Floor 01 Room 209,CoAP-ThermalSensor,coap,1,209,,,campus/b01/f01/r209/status,b01-f01-coap-09-token,psk,,,coap://[node_ip]/f01/r209/telemetry,coap://[gateway_ip]/f01/r209/actuators/hvac,coap_b01-f01-r209,psk-01-09
b01-f01-r210,CoAP Floor 01 Room 210,CoAP-ThermalSensor,coap,1,210,,,campus/b01/f01/r210/status,b01-f01-coap-10-token,psk,,,coap://[node_ip]/f01/r210/telemetry,coap://[gateway_ip]/f01/r210/actuators/hvac,coap_b01-f01-r210,psk-01-10
b01-f02-r101,MQTT Floor 02 Room 101,MQTT-ThermalSensor,mqtt,2,101,campus/b01/f02/r101/telemetry,campus/b01/f02/r101/cmd,campus/b01/f02/r101/status,b01-f02-mqtt-01-token,username_password,mqtt_b01-f02-r101,pass_02_01,,,,
b01-f02-r102,MQTT Floor 02 Room 102,MQTT-ThermalSensor,mqtt,2,102,campus/b01/f02/r102/telemetry,campus/b01/f02/r102/cmd,campus/b01/f02/r102/status,b01-f02-mqtt-02-token,username_password,mqtt_b01-f02-r102,pass_02_02,,,,
b01-f02-r103,MQTT Floor 02 Room 103,MQTT-ThermalSensor,mqtt,2,103,campus/b01/f02/r103/telemetry,campus/b01/f02/r103/cmd,campus/b01/f02/r103/status,b01-f02-mqtt-03-token,username_password,mqtt_b01-f02-r103,pass_02_03,,,,
b01-f02-r104,MQTT Floor 02 Room 104,MQTT-ThermalSensor,mqtt,2,104,campus/b01/f02/r104/telemetry,campus/b01/f02/r104/cmd,campus/b01/f02/r104/status,b01-f02-mqtt-04-token,username_password,mqtt_b01-f02-r104,pass_02_04,,,,
b01-f02-r105,MQTT Floor 02 Room 105,MQTT-ThermalSensor,mqtt,2,105,campus/b01/f02/r105/telemetry,campus/b01/f02/r105/cmd,campus/b01/f02/r105/status,b01-f02-mqtt-05-token,username_password,mqtt_b01-f02-r105,pass_02_05,,,,
b01-f02-r106,MQTT Floor 02 Room 106,MQTT-ThermalSensor,mqtt,2,106,campus/b01/f02/r106/telemetry,campus/b01/f02/r106/cmd,campus/b01/f02/r106/status,b01-f02-mqtt-06-token,username_password,mqtt_b01-f02-r106,pass_02_06,,,,
b01-f02-r107,MQTT Floor 02 Room 107,MQTT-ThermalSensor,mqtt,2,107,campus/b01/f02/r107/telemetry,campus/b01/f02/r107/cmd,campus/b01/f02/r107/status,b01-f02-mqtt-07-token,username_password,mqtt_b01-f02-r107,pass_02_07,,,,
b01-f02-r108,MQTT Floor 02 Room 108,MQTT-ThermalSensor,mqtt,2,108,campus/b01/f02/r108/telemetry,campus/b01/f02/r108/cmd,campus/b01/f02/r108/status,b01-f02-mqtt-08-token,username_password,mqtt_b01-f02-r108,pass_02_08,,,,
b01-f02-r109,MQTT Floor 02 Room 109,MQTT-ThermalSensor,mqtt,2,109,campus/b01/f02/r109/telemetry,campus/b01/f02/r109/cmd,campus/b01/f02/r109/status,b01-f02-mqtt-09-token,username_password,mqtt_b01-f02-r109,pass_02_09,,,,
b01-f02-r110,MQTT Floor 02 Room 110,MQTT-ThermalSensor,mqtt,2,110,campus/b01/f02/r110/telemetry,campus/b01/f02/r110/cmd,campus/b01/f02/r110/status,b01-f02-mqtt-10-token,username_password,mqtt_b01-f02-r110,pass_02_10,,,,
b01-f02-r201,CoAP Floor 02 Room 201,CoAP-ThermalSensor,coap,2,201,,,campus/b01/f02/r201/status,b01-f02-coap-01-token,psk,,,coap://[node_ip]/f02/r201/telemetry,coap://[gateway_ip]/f02/r201/actuators/hvac,coap_b01-f02-r201,psk-02-01
b01-f02-r202,CoAP Floor 02 Room 202,CoAP-ThermalSensor,coap,2,202,,,campus/b01/f02/r202/status,b01-f02-coap-02-token,psk,,,coap://[node_ip]/f02/r202/telemetry,coap://[gateway_ip]/f02/r202/actuators/hvac,coap_b01-f02-r202,psk-02-02
b01-f02-r203,CoAP Floor 02 Room 203,CoAP-ThermalSensor,coap,2,203,,,campus/b01/f02/r203/status,b01-f02-coap-03-token,psk,,,coap://[node_ip]/f02/r203/telemetry,coap://[gateway_ip]/f02/r203/actuators/hvac,coap_b01-f02-r203,psk-02-03
b01-f02-r204,CoAP Floor 02 Room 204,CoAP-ThermalSensor,coap,2,204,,,campus/b01/f02/r204/status,b01-f02-coap-04-token,psk,,,coap://[node_ip]/f02/r204/telemetry,coap://[gateway_ip]/f02/r204/actuators/hvac,coap_b01-f02-r204,psk-02-04
b01-f02-r205,CoAP Floor 02 Room 205,CoAP-ThermalSensor,coap,2,205,,,campus/b01/f02/r205/status,b01-f02-coap-05-token,psk,,,coap://[node_ip]/f02/r205/telemetry,coap://[gateway_ip]/f02/r205/actuators/hvac,coap_b01-f02-r205,psk-02-05
b01-f02-r206,CoAP Floor 02 Room 206,CoAP-ThermalSensor,coap,2,206,,,campus/b01/f02/r206/status,b01-f02-coap-06-token,psk,,,coap://[node_ip]/f02/r206/telemetry,coap://[gateway_ip]/f02/r206/actuators/hvac,coap_b01-f02-r206,psk-02-06
b01-f02-r207,CoAP Floor 02 Room 207,CoAP-ThermalSensor,coap,2,207,,,campus/b01/f02/r207/status,b01-f02-coap-07-token,psk,,,coap://[node_ip]/f02/r207/telemetry,coap://[gateway_ip]/f02/r207/actuators/hvac,coap_b01-f02-r207,psk-02-07
b01-f02-r208,CoAP Floor 02 Room 208,CoAP-ThermalSensor,coap,2,208,,,campus/b01/f02/r208/status,b01-f02-coap-08-token,psk,,,coap://[node_ip]/f02/r208/telemetry,coap://[gateway_ip]/f02/r208/actuators/hvac,coap_b01-f02-r208,psk-02-08
b01-f02-r209,CoAP Floor 02 Room 209,CoAP-ThermalSensor,coap,2,209,,,campus/b01/f02/r209/status,b01-f02-coap-09-token,psk,,,coap://[node_ip]/f02/r209/telemetry,coap://[gateway_ip]/f02/r209/actuators/hvac,coap_b01-f02-r209,psk-02-09
b01-f02-r210,CoAP Floor 02 Room 210,CoAP-ThermalSensor,coap,2,210,,,campus/b01/f02/r210/status,b01-f02-coap-10-token,psk,,,coap://[node_ip]/f02/r210/telemetry,coap://[gateway_ip]/f02/r210/actuators/hvac,coap_b01-f02-r210,psk-02-10
b01-f03-r101,MQTT Floor 03 Room 101,MQTT-ThermalSensor,mqtt,3,101,campus/b01/f03/r101/telemetry,campus/b01/f03/r101/cmd,campus/b01/f03/r101/status,b01-f03-mqtt-01-token,username_password,mqtt_b01-f03-r101,pass_03_01,,,,
b01-f03-r102,MQTT Floor 03 Room 102,MQTT-ThermalSensor,mqtt,3,102,campus/b01/f03/r102/telemetry,campus/b01/f03/r102/cmd,campus/b01/f03/r102/status,b01-f03-mqtt-02-token,username_password,mqtt_b01-f03-r102,pass_03_02,,,,
b01-f03-r103,MQTT Floor 03 Room 103,MQTT-ThermalSensor,mqtt,3,103,campus/b01/f03/r103/telemetry,campus/b01/f03/r103/cmd,campus/b01/f03/r103/status,b01-f03-mqtt-03-token,username_password,mqtt_b01-f03-r103,pass_03_03,,,,
b01-f03-r104,MQTT Floor 03 Room 104,MQTT-ThermalSensor,mqtt,3,104,campus/b01/f03/r104/telemetry,campus/b01/f03/r104/cmd,campus/b01/f03/r104/status,b01-f03-mqtt-04-token,username_password,mqtt_b01-f03-r104,pass_03_04,,,,
b01-f03-r105,MQTT Floor 03 Room 105,MQTT-ThermalSensor,mqtt,3,105,campus/b01/f03/r105/telemetry,campus/b01/f03/r105/cmd,campus/b01/f03/r105/status,b01-f03-mqtt-05-token,username_password,mqtt_b01-f03-r105,pass_03_05,,,,
b01-f03-r106,MQTT Floor 03 Room 106,MQTT-ThermalSensor,mqtt,3,106,campus/b01/f03/r106/telemetry,campus/b01/f03/r106/cmd,campus/b01/f03/r106/status,b01-f03-mqtt-06-token,username_password,mqtt_b01-f03-r106,pass_03_06,,,,
b01-f03-r107,MQTT Floor 03 Room 107,MQTT-ThermalSensor,mqtt,3,107,campus/b01/f03/r107/telemetry,campus/b01/f03/r107/cmd,campus/b01/f03/r107/status,b01-f03-mqtt-07-token,username_password,mqtt_b01-f03-r107,pass_03_07,,,,
b01-f03-r108,MQTT Floor 03 Room 108,MQTT-ThermalSensor,mqtt,3,108,campus/b01/f03/r108/telemetry,campus/b01/f03/r108/cmd,campus/b01/f03/r108/status,b01-f03-mqtt-08-token,username_password,mqtt_b01-f03-r108,pass_03_08,,,,
b01-f03-r109,MQTT Floor 03 Room 109,MQTT-ThermalSensor,mqtt,3,109,campus/b01/f03/r109/telemetry,campus/b01/f03/r109/cmd,campus/b01/f03/r109/status,b01-f03-mqtt-09-token,username_password,mqtt_b01-f03-r109,pass_03_09,,,,
b01-f03-r110,MQTT Floor 03 Room 110,MQTT-ThermalSensor,mqtt,3,110,campus/b01/f03/r110/telemetry,campus/b01/f03/r110/cmd,campus/b01/f03/r110/status,b01-f03-mqtt-10-token,username_password,mqtt_b01-f03-r110,pass_03_10,,,,
b01-f03-r201,CoAP Floor 03 Room 201,CoAP-ThermalSensor,coap,3,201,,,campus/b01/f03/r201/status,b01-f03-coap-01-token,psk,,,coap://[node_ip]/f03/r201/telemetry,coap://[gateway_ip]/f03/r201/actuators/hvac,coap_b01-f03-r201,psk-03-01
b01-f03-r202,CoAP Floor 03 Room 202,CoAP-ThermalSensor,coap,3,202,,,campus/b01/f03/r202/status,b01-f03-coap-02-token,psk,,,coap://[node_ip]/f03/r202/telemetry,coap://[gateway_ip]/f03/r202/actuators/hvac,coap_b01-f03-r202,psk-03-02
b01-f03-r203,CoAP Floor 03 Room 203,CoAP-ThermalSensor,coap,3,203,,,campus/b01/f03/r203/status,b01-f03-coap-03-token,psk,,,coap://[node_ip]/f03/r203/telemetry,coap://[gateway_ip]/f03/r203/actuators/hvac,coap_b01-f03-r203,psk-03-03
b01-f03-r204,CoAP Floor 03 Room 204,CoAP-ThermalSensor,coap,3,204,,,campus/b01/f03/r204/status,b01-f03-coap-04-token,psk,,,coap://[node_ip]/f03/r204/telemetry,coap://[gateway_ip]/f03/r204/actuators/hvac,coap_b01-f03-r204,psk-03-04
b01-f03-r205,CoAP Floor 03 Room 205,CoAP-ThermalSensor,coap,3,205,,,campus/b01/f03/r205/status,b01-f03-coap-05-token,psk,,,coap://[node_ip]/f03/r205/telemetry,coap://[gateway_ip]/f03/r205/actuators/hvac,coap_b01-f03-r205,psk-03-05
b01-f03-r206,CoAP Floor 03 Room 206,CoAP-ThermalSensor,coap,3,206,,,campus/b01/f03/r206/status,b01-f03-coap-06-token,psk,,,coap://[node_ip]/f03/r206/telemetry,coap://[gateway_ip]/f03/r206/actuators/hvac,coap_b01-f03-r206,psk-03-06
b01-f03-r207,CoAP Floor 03 Room 207,CoAP-ThermalSensor,coap,3,207,,,campus/b01/f03/r207/status,b01-f03-coap-07-token,psk,,,coap://[node_ip]/f03/r207/telemetry,coap://[gateway_ip]/f03/r207/actuators/hvac,coap_b01-f03-r207,psk-03-07
b01-f03-r208,CoAP Floor 03 Room 208,CoAP-ThermalSensor,coap,3,208,,,campus/b01/f03/r208/status,b01-f03-coap-08-token,psk,,,coap://[node_ip]/f03/r208/telemetry,coap://[gateway_ip]/f03/r208/actuators/hvac,coap_b01-f03-r208,psk-03-08
b01-f03-r209,CoAP Floor 03 Room 209,CoAP-ThermalSensor,coap,3,209,,,campus/b01/f03/r209/status,b01-f03-coap-09-token,psk,,,coap://[node_ip]/f03/r209/telemetry,coap://[gateway_ip]/f03/r209/actuators/hvac,coap_b01-f03-r209,psk-03-09
b01-f03-r210,CoAP Floor 03 Room 210,CoAP-ThermalSensor,coap,3,210,,,campus/b01/f03/r210/status,b01-f03-coap-10-token,psk,,,coap://[node_ip]/f03/r210/telemetry,coap://[gateway_ip]/f03/r210/actuators/hvac,coap_b01-f03-r210,psk-03-10
b01-f04-r101,MQTT Floor 04 Room 101,MQTT-ThermalSensor,mqtt,4,101,campus/b01/f04/r101/telemetry,campus/b01/f04/r101/cmd,campus/b01/f04/r101/status,b01-f04-mqtt-01-token,username_password,mqtt_b01-f04-r101,pass_04_01,,,,
b01-f04-r102,MQTT Floor 04 Room 102,MQTT-ThermalSensor,mqtt,4,102,campus/b01/f04/r102/telemetry,campus/b01/f04/r102/cmd,campus/b01/f04/r102/status,b01-f04-mqtt-02-token,username_password,mqtt_b01-f04-r102,pass_04_02,,,,
b01-f04-r103,MQTT Floor 04 Room 103,MQTT-ThermalSensor,mqtt,4,103,campus/b01/f04/r103/telemetry,campus/b01/f04/r103/cmd,campus/b01/f04/r103/status,b01-f04-mqtt-03-token,username_password,mqtt_b01-f04-r103,pass_04_03,,,,
b01-f04-r104,MQTT Floor 04 Room 104,MQTT-ThermalSensor,mqtt,4,104,campus/b01/f04/r104/telemetry,campus/b01/f04/r104/cmd,campus/b01/f04/r104/status,b01-f04-mqtt-04-token,username_password,mqtt_b01-f04-r104,pass_04_04,,,,
b01-f04-r105,MQTT Floor 04 Room 105,MQTT-ThermalSensor,mqtt,4,105,campus/b01/f04/r105/telemetry,campus/b01/f04/r105/cmd,campus/b01/f04/r105/status,b01-f04-mqtt-05-token,username_password,mqtt_b01-f04-r105,pass_04_05,,,,
b01-f04-r106,MQTT Floor 04 Room 106,MQTT-ThermalSensor,mqtt,4,106,campus/b01/f04/r106/telemetry,campus/b01/f04/r106/cmd,campus/b01/f04/r106/status,b01-f04-mqtt-06-token,username_password,mqtt_b01-f04-r106,pass_04_06,,,,
b01-f04-r107,MQTT Floor 04 Room 107,MQTT-ThermalSensor,mqtt,4,107,campus/b01/f04/r107/telemetry,campus/b01/f04/r107/cmd,campus/b01/f04/r107/status,b01-f04-mqtt-07-token,username_password,mqtt_b01-f04-r107,pass_04_07,,,,
b01-f04-r108,MQTT Floor 04 Room 108,MQTT-ThermalSensor,mqtt,4,108,campus/b01/f04/r108/telemetry,campus/b01/f04/r108/cmd,campus/b01/f04/r108/status,b01-f04-mqtt-08-token,username_password,mqtt_b01-f04-r108,pass_04_08,,,,
b01-f04-r109,MQTT Floor 04 Room 109,MQTT-ThermalSensor,mqtt,4,109,campus/b01/f04/r109/telemetry,campus/b01/f04/r109/cmd,campus/b01/f04/r109/status,b01-f04-mqtt-09-token,username_password,mqtt_b01-f04-r109,pass_04_09,,,,
b01-f04-r110,MQTT Floor 04 Room 110,MQTT-ThermalSensor,mqtt,4,110,campus/b01/f04/r110/telemetry,campus/b01/f04/r110/cmd,campus/b01/f04/r110/status,b01-f04-mqtt-10-token,username_password,mqtt_b01-f04-r110,pass_04_10,,,,
b01-f04-r201,CoAP Floor 04 Room 201,CoAP-ThermalSensor,coap,4,201,,,campus/b01/f04/r201/status,b01-f04-coap-01-token,psk,,,coap://[node_ip]/f04/r201/telemetry,coap://[gateway_ip]/f04/r201/actuators/hvac,coap_b01-f04-r201,psk-04-01
b01-f04-r202,CoAP Floor 04 Room 202,CoAP-ThermalSensor,coap,4,202,,,campus/b01/f04/r202/status,b01-f04-coap-02-token,psk,,,coap://[node_ip]/f04/r202/telemetry,coap://[gateway_ip]/f04/r202/actuators/hvac,coap_b01-f04-r202,psk-04-02
b01-f04-r203,CoAP Floor 04 Room 203,CoAP-ThermalSensor,coap,4,203,,,campus/b01/f04/r203/status,b01-f04-coap-03-token,psk,,,coap://[node_ip]/f04/r203/telemetry,coap://[gateway_ip]/f04/r203/actuators/hvac,coap_b01-f04-r203,psk-04-03
b01-f04-r204,CoAP Floor 04 Room 204,CoAP-ThermalSensor,coap,4,204,,,campus/b01/f04/r204/status,b01-f04-coap-04-token,psk,,,coap://[node_ip]/f04/r204/telemetry,coap://[gateway_ip]/f04/r204/actuators/hvac,coap_b01-f04-r204,psk-04-04
b01-f04-r205,CoAP Floor 04 Room 205,CoAP-ThermalSensor,coap,4,205,,,campus/b01/f04/r205/status,b01-f04-coap-05-token,psk,,,coap://[node_ip]/f04/r205/telemetry,coap://[gateway_ip]/f04/r205/actuators/hvac,coap_b01-f04-r205,psk-04-05
b01-f04-r206,CoAP Floor 04 Room 206,CoAP-ThermalSensor,coap,4,206,,,campus/b01/f04/r206/status,b01-f04-coap-06-token,psk,,,coap://[node_ip]/f04/r206/telemetry,coap://[gateway_ip]/f04/r206/actuators/hvac,coap_b01-f04-r206,psk-04-06
b01-f04-r207,CoAP Floor 04 Room 207,CoAP-ThermalSensor,coap,4,207,,,campus/b01/f04/r207/status,b01-f04-coap-07-token,psk,,,coap://[node_ip]/f04/r207/telemetry,coap://[gateway_ip]/f04/r207/actuators/hvac,coap_b01-f04-r207,psk-04-07
b01-f04-r208,CoAP Floor 04 Room 208,CoAP-ThermalSensor,coap,4,208,,,campus/b01/f04/r208/status,b01-f04-coap-08-token,psk,,,coap://[node_ip]/f04/r208/telemetry,coap://[gateway_ip]/f04/r208/actuators/hvac,coap_b01-f04-r208,psk-04-08
b01-f04-r209,CoAP Floor 04 Room 209,CoAP-ThermalSensor,coap,4,209,,,campus/b01/f04/r209/status,b01-f04-coap-09-token,psk,,,coap://[node_ip]/f04/r209/telemetry,coap://[gateway_ip]/f04/r209/actuators/hvac,coap_b01-f04-r209,psk-04-09
b01-f04-r210,CoAP Floor 04 Room 210,CoAP-ThermalSensor,coap,4,210,,,campus/b01/f04/r210/status,b01-f04-coap-10-token,psk,,,coap://[node_ip]/f04/r210/telemetry,coap://[gateway_ip]/f04/r210/actuators/hvac,coap_b01-f04-r210,psk-04-10
b01-f05-r101,MQTT Floor 05 Room 101,MQTT-ThermalSensor,mqtt,5,101,campus/b01/f05/r101/telemetry,campus/b01/f05/r101/cmd,campus/b01/f05/r101/status,b01-f05-mqtt-01-token,username_password,mqtt_b01-f05-r101,pass_05_01,,,,
b01-f05-r102,MQTT Floor 05 Room 102,MQTT-ThermalSensor,mqtt,5,102,campus/b01/f05/r102/telemetry,campus/b01/f05/r102/cmd,campus/b01/f05/r102/status,b01-f05-mqtt-02-token,username_password,mqtt_b01-f05-r102,pass_05_02,,,,
b01-f05-r103,MQTT Floor 05 Room 103,MQTT-ThermalSensor,mqtt,5,103,campus/b01/f05/r103/telemetry,campus/b01/f05/r103/cmd,campus/b01/f05/r103/status,b01-f05-mqtt-03-token,username_password,mqtt_b01-f05-r103,pass_05_03,,,,
b01-f05-r104,MQTT Floor 05 Room 104,MQTT-ThermalSensor,mqtt,5,104,campus/b01/f05/r104/telemetry,campus/b01/f05/r104/cmd,campus/b01/f05/r104/status,b01-f05-mqtt-04-token,username_password,mqtt_b01-f05-r104,pass_05_04,,,,
b01-f05-r105,MQTT Floor 05 Room 105,MQTT-ThermalSensor,mqtt,5,105,campus/b01/f05/r105/telemetry,campus/b01/f05/r105/cmd,campus/b01/f05/r105/status,b01-f05-mqtt-05-token,username_password,mqtt_b01-f05-r105,pass_05_05,,,,
b01-f05-r106,MQTT Floor 05 Room 106,MQTT-ThermalSensor,mqtt,5,106,campus/b01/f05/r106/telemetry,campus/b01/f05/r106/cmd,campus/b01/f05/r106/status,b01-f05-mqtt-06-token,username_password,mqtt_b01-f05-r106,pass_05_06,,,,
b01-f05-r107,MQTT Floor 05 Room 107,MQTT-ThermalSensor,mqtt,5,107,campus/b01/f05/r107/telemetry,campus/b01/f05/r107/cmd,campus/b01/f05/r107/status,b01-f05-mqtt-07-token,username_password,mqtt_b01-f05-r107,pass_05_07,,,,
b01-f05-r108,MQTT Floor 05 Room 108,MQTT-ThermalSensor,mqtt,5,108,campus/b01/f05/r108/telemetry,campus/b01/f05/r108/cmd,campus/b01/f05/r108/status,b01-f05-mqtt-08-token,username_password,mqtt_b01-f05-r108,pass_05_08,,,,
b01-f05-r109,MQTT Floor 05 Room 109,MQTT-ThermalSensor,mqtt,5,109,campus/b01/f05/r109/telemetry,campus/b01/f05/r109/cmd,campus/b01/f05/r109/status,b01-f05-mqtt-09-token,username_password,mqtt_b01-f05-r109,pass_05_09,,,,
b01-f05-r110,MQTT Floor 05 Room 110,MQTT-ThermalSensor,mqtt,5,110,campus/b01/f05/r110/telemetry,campus/b01/f05/r110/cmd,campus/b01/f05/r110/status,b01-f05-mqtt-10-token,username_password,mqtt_b01-f05-r110,pass_05_10,,,,
b01-f05-r201,CoAP Floor 05 Room 201,CoAP-ThermalSensor,coap,5,201,,,campus/b01/f05/r201/status,b01-f05-coap-01-token,psk,,,coap://[node_ip]/f05/r201/telemetry,coap://[gateway_ip]/f05/r201/actuators/hvac,coap_b01-f05-r201,psk-05-01
b01-f05-r202,CoAP Floor 05 Room 202,CoAP-ThermalSensor,coap,5,202,,,campus/b01/f05/r202/status,b01-f05-coap-02-token,psk,,,coap://[node_ip]/f05/r202/telemetry,coap://[gateway_ip]/f05/r202/actuators/hvac,coap_b01-f05-r202,psk-05-02
b01-f05-r203,CoAP Floor 05 Room 203,CoAP-ThermalSensor,coap,5,203,,,campus/b01/f05/r203/status,b01-f05-coap-03-token,psk,,,coap://[node_ip]/f05/r203/telemetry,coap://[gateway_ip]/f05/r203/actuators/hvac,coap_b01-f05-r203,psk-05-03
b01-f05-r204,CoAP Floor 05 Room 204,CoAP-ThermalSensor,coap,5,204,,,campus/b01/f05/r204/status,b01-f05-coap-04-token,psk,,,coap://[node_ip]/f05/r204/telemetry,coap://[gateway_ip]/f05/r204/actuators/hvac,coap_b01-f05-r204,psk-05-04
b01-f05-r205,CoAP Floor 05 Room 205,CoAP-ThermalSensor,coap,5,205,,,campus/b01/f05/r205/status,b01-f05-coap-05-token,psk,,,coap://[node_ip]/f05/r205/telemetry,coap://[gateway_ip]/f05/r205/actuators/hvac,coap_b01-f05-r205,psk-05-05
b01-f05-r206,CoAP Floor 05 Room 206,CoAP-ThermalSensor,coap,5,206,,,campus/b01/f05/r206/status,b01-f05-coap-06-token,psk,,,coap://[node_ip]/f05/r206/telemetry,coap://[gateway_ip]/f05/r206/actuators/hvac,coap_b01-f05-r206,psk-05-06
b01-f05-r207,CoAP Floor 05 Room 207,CoAP-ThermalSensor,coap,5,207,,,campus/b01/f05/r207/status,b01-f05-coap-07-token,psk,,,coap://[node_ip]/f05/r207/telemetry,coap://[gateway_ip]/f05/r207/actuators/hvac,coap_b01-f05-r207,psk-05-07
b01-f05-r208,CoAP Floor 05 Room 208,CoAP-ThermalSensor,coap,5,208,,,campus/b01/f05/r208/status,b01-f05-coap-08-token,psk,,,coap://[node_ip]/f05/r208/telemetry,coap://[gateway_ip]/f05/r208/actuators/hvac,coap_b01-f05-r208,psk-05-08
b01-f05-r209,CoAP Floor 05 Room 209,CoAP-ThermalSensor,coap,5,209,,,campus/b01/f05/r209/status,b01-f05-coap-09-token,psk,,,coap://[node_ip]/f05/r209/telemetry,coap://[gateway_ip]/f05/r209/actuators/hvac,coap_b01-f05-r209,psk-05-09
b01-f05-r210,CoAP Floor 05 Room 210,CoAP-ThermalSensor,coap,5,210,,,campus/b01/f05/r210/status,b01-f05-coap-10-token,psk,,,coap://[node_ip]/f05/r210/telemetry,coap://[gateway_ip]/f05/r210/actuators/hvac,coap_b01-f05-r210,psk-05-10
b01-f06-r101,MQTT Floor 06 Room 101,MQTT-ThermalSensor,mqtt,6,101,campus/b01/f06/r101/telemetry,campus/b01/f06/r101/cmd,campus/b01/f06/r101/status,b01-f06-mqtt-01-token,username_password,mqtt_b01-f06-r101,pass_06_01,,,,
b01-f06-r102,MQTT Floor 06 Room 102,MQTT-ThermalSensor,mqtt,6,102,campus/b01/f06/r102/telemetry,campus/b01/f06/r102/cmd,campus/b01/f06/r102/status,b01-f06-mqtt-02-token,username_password,mqtt_b01-f06-r102,pass_06_02,,,,
b01-f06-r103,MQTT Floor 06 Room 103,MQTT-ThermalSensor,mqtt,6,103,campus/b01/f06/r103/telemetry,campus/b01/f06/r103/cmd,campus/b01/f06/r103/status,b01-f06-mqtt-03-token,username_password,mqtt_b01-f06-r103,pass_06_03,,,,
b01-f06-r104,MQTT Floor 06 Room 104,MQTT-ThermalSensor,mqtt,6,104,campus/b01/f06/r104/telemetry,campus/b01/f06/r104/cmd,campus/b01/f06/r104/status,b01-f06-mqtt-04-token,username_password,mqtt_b01-f06-r104,pass_06_04,,,,
b01-f06-r105,MQTT Floor 06 Room 105,MQTT-ThermalSensor,mqtt,6,105,campus/b01/f06/r105/telemetry,campus/b01/f06/r105/cmd,campus/b01/f06/r105/status,b01-f06-mqtt-05-token,username_password,mqtt_b01-f06-r105,pass_06_05,,,,
b01-f06-r106,MQTT Floor 06 Room 106,MQTT-ThermalSensor,mqtt,6,106,campus/b01/f06/r106/telemetry,campus/b01/f06/r106/cmd,campus/b01/f06/r106/status,b01-f06-mqtt-06-token,username_password,mqtt_b01-f06-r106,pass_06_06,,,,
b01-f06-r107,MQTT Floor 06 Room 107,MQTT-ThermalSensor,mqtt,6,107,campus/b01/f06/r107/telemetry,campus/b01/f06/r107/cmd,campus/b01/f06/r107/status,b01-f06-mqtt-07-token,username_password,mqtt_b01-f06-r107,pass_06_07,,,,
b01-f06-r108,MQTT Floor 06 Room 108,MQTT-ThermalSensor,mqtt,6,108,campus/b01/f06/r108/telemetry,campus/b01/f06/r108/cmd,campus/b01/f06/r108/status,b01-f06-mqtt-08-token,username_password,mqtt_b01-f06-r108,pass_06_08,,,,
b01-f06-r109,MQTT Floor 06 Room 109,MQTT-ThermalSensor,mqtt,6,109,campus/b01/f06/r109/telemetry,campus/b01/f06/r109/cmd,campus/b01/f06/r109/status,b01-f06-mqtt-09-token,username_password,mqtt_b01-f06-r109,pass_06_09,,,,
b01-f06-r110,MQTT Floor 06 Room 110,MQTT-ThermalSensor,mqtt,6,110,campus/b01/f06/r110/telemetry,campus/b01/f06/r110/cmd,campus/b01/f06/r110/status,b01-f06-mqtt-10-token,username_password,mqtt_b01-f06-r110,pass_06_10,,,,
b01-f06-r201,CoAP Floor 06 Room 201,CoAP-ThermalSensor,coap,6,201,,,campus/b01/f06/r201/status,b01-f06-coap-01-token,psk,,,coap://[node_ip]/f06/r201/telemetry,coap://[gateway_ip]/f06/r201/actuators/hvac,coap_b01-f06-r201,psk-06-01
b01-f06-r202,CoAP Floor 06 Room 202,CoAP-ThermalSensor,coap,6,202,,,campus/b01/f06/r202/status,b01-f06-coap-02-token,psk,,,coap://[node_ip]/f06/r202/telemetry,coap://[gateway_ip]/f06/r202/actuators/hvac,coap_b01-f06-r202,psk-06-02
b01-f06-r203,CoAP Floor 06 Room 203,CoAP-ThermalSensor,coap,6,203,,,campus/b01/f06/r203/status,b01-f06-coap-03-token,psk,,,coap://[node_ip]/f06/r203/telemetry,coap://[gateway_ip]/f06/r203/actuators/hvac,coap_b01-f06-r203,psk-06-03
b01-f06-r204,CoAP Floor 06 Room 204,CoAP-ThermalSensor,coap,6,204,,,campus/b01/f06/r204/status,b01-f06-coap-04-token,psk,,,coap://[node_ip]/f06/r204/telemetry,coap://[gateway_ip]/f06/r204/actuators/hvac,coap_b01-f06-r204,psk-06-04
b01-f06-r205,CoAP Floor 06 Room 205,CoAP-ThermalSensor,coap,6,205,,,campus/b01/f06/r205/status,b01-f06-coap-05-token,psk,,,coap://[node_ip]/f06/r205/telemetry,coap://[gateway_ip]/f06/r205/actuators/hvac,coap_b01-f06-r205,psk-06-05
b01-f06-r206,CoAP Floor 06 Room 206,CoAP-ThermalSensor,coap,6,206,,,campus/b01/f06/r206/status,b01-f06-coap-06-token,psk,,,coap://[node_ip]/f06/r206/telemetry,coap://[gateway_ip]/f06/r206/actuators/hvac,coap_b01-f06-r206,psk-06-06
b01-f06-r207,CoAP Floor 06 Room 207,CoAP-ThermalSensor,coap,6,207,,,campus/b01/f06/r207/status,b01-f06-coap-07-token,psk,,,coap://[node_ip]/f06/r207/telemetry,coap://[gateway_ip]/f06/r207/actuators/hvac,coap_b01-f06-r207,psk-06-07
b01-f06-r208,CoAP Floor 06 Room 208,CoAP-ThermalSensor,coap,6,208,,,campus/b01/f06/r208/status,b01-f06-coap-08-token,psk,,,coap://[node_ip]/f06/r208/telemetry,coap://[gateway_ip]/f06/r208/actuators/hvac,coap_b01-f06-r208,psk-06-08
b01-f06-r209,CoAP Floor 06 Room 209,CoAP-ThermalSensor,coap,6,209,,,campus/b01/f06/r209/status,b01-f06-coap-09-token,psk,,,coap://[node_ip]/f06/r209/telemetry,coap://[gateway_ip]/f06/r209/actuators/hvac,coap_b01-f06-r209,psk-06-09
b01-f06-r210,CoAP Floor 06 Room 210,CoAP-ThermalSensor,coap,6,210,,,campus/b01/f06/r210/status,b01-f06-coap-10-token,psk,,,coap://[node_ip]/f06/r210/telemetry,coap://[gateway_ip]/f06/r210/actuators/hvac,coap_b01-f06-r210,psk-06-10
b01-f07-r101,MQTT Floor 07 Room 101,MQTT-ThermalSensor,mqtt,7,101,campus/b01/f07/r101/telemetry,campus/b01/f07/r101/cmd,campus/b01/f07/r101/status,b01-f07-mqtt-01-token,username_password,mqtt_b01-f07-r101,pass_07_01,,,,
b01-f07-r102,MQTT Floor 07 Room 102,MQTT-ThermalSensor,mqtt,7,102,campus/b01/f07/r102/telemetry,campus/b01/f07/r102/cmd,campus/b01/f07/r102/status,b01-f07-mqtt-02-token,username_password,mqtt_b01-f07-r102,pass_07_02,,,,
b01-f07-r103,MQTT Floor 07 Room 103,MQTT-ThermalSensor,mqtt,7,103,campus/b01/f07/r103/telemetry,campus/b01/f07/r103/cmd,campus/b01/f07/r103/status,b01-f07-mqtt-03-token,username_password,mqtt_b01-f07-r103,pass_07_03,,,,
b01-f07-r104,MQTT Floor 07 Room 104,MQTT-ThermalSensor,mqtt,7,104,campus/b01/f07/r104/telemetry,campus/b01/f07/r104/cmd,campus/b01/f07/r104/status,b01-f07-mqtt-04-token,username_password,mqtt_b01-f07-r104,pass_07_04,,,,
b01-f07-r105,MQTT Floor 07 Room 105,MQTT-ThermalSensor,mqtt,7,105,campus/b01/f07/r105/telemetry,campus/b01/f07/r105/cmd,campus/b01/f07/r105/status,b01-f07-mqtt-05-token,username_password,mqtt_b01-f07-r105,pass_07_05,,,,
b01-f07-r106,MQTT Floor 07 Room 106,MQTT-ThermalSensor,mqtt,7,106,campus/b01/f07/r106/telemetry,campus/b01/f07/r106/cmd,campus/b01/f07/r106/status,b01-f07-mqtt-06-token,username_password,mqtt_b01-f07-r106,pass_07_06,,,,
b01-f07-r107,MQTT Floor 07 Room 107,MQTT-ThermalSensor,mqtt,7,107,campus/b01/f07/r107/telemetry,campus/b01/f07/r107/cmd,campus/b01/f07/r107/status,b01-f07-mqtt-07-token,username_password,mqtt_b01-f07-r107,pass_07_07,,,,
b01-f07-r108,MQTT Floor 07 Room 108,MQTT-ThermalSensor,mqtt,7,108,campus/b01/f07/r108/telemetry,campus/b01/f07/r108/cmd,campus/b01/f07/r108/status,b01-f07-mqtt-08-token,username_password,mqtt_b01-f07-r108,pass_07_08,,,,
b01-f07-r109,MQTT Floor 07 Room 109,MQTT-ThermalSensor,mqtt,7,109,campus/b01/f07/r109/telemetry,campus/b01/f07/r109/cmd,campus/b01/f07/r109/status,b01-f07-mqtt-09-token,username_password,mqtt_b01-f07-r109,pass_07_09,,,,
b01-f07-r110,MQTT Floor 07 Room 110,MQTT-ThermalSensor,mqtt,7,110,campus/b01/f07/r110/telemetry,campus/b01/f07/r110/cmd,campus/b01/f07/r110/status,b01-f07-mqtt-10-token,username_password,mqtt_b01-f07-r110,pass_07_10,,,,
b01-f07-r201,CoAP Floor 07 Room 201,CoAP-ThermalSensor,coap,7,201,,,campus/b01/f07/r201/status,b01-f07-coap-01-token,psk,,,coap://[node_ip]/f07/r201/telemetry,coap://[gateway_ip]/f07/r201/actuators/hvac,coap_b01-f07-r201,psk-07-01
b01-f07-r202,CoAP Floor 07 Room 202,CoAP-ThermalSensor,coap,7,202,,,campus/b01/f07/r202/status,b01-f07-coap-02-token,psk,,,coap://[node_ip]/f07/r202/telemetry,coap://[gateway_ip]/f07/r202/actuators/hvac,coap_b01-f07-r202,psk-07-02
b01-f07-r203,CoAP Floor 07 Room 203,CoAP-ThermalSensor,coap,7,203,,,campus/b01/f07/r203/status,b01-f07-coap-03-token,psk,,,coap://[node_ip]/f07/r203/telemetry,coap://[gateway_ip]/f07/r203/actuators/hvac,coap_b01-f07-r203,psk-07-03
b01-f07-r204,CoAP Floor 07 Room 204,CoAP-ThermalSensor,coap,7,204,,,campus/b01/f07/r204/status,b01-f07-coap-04-token,psk,,,coap://[node_ip]/f07/r204/telemetry,coap://[gateway_ip]/f07/r204/actuators/hvac,coap_b01-f07-r204,psk-07-04
b01-f07-r205,CoAP Floor 07 Room 205,CoAP-ThermalSensor,coap,7,205,,,campus/b01/f07/r205/status,b01-f07-coap-05-token,psk,,,coap://[node_ip]/f07/r205/telemetry,coap://[gateway_ip]/f07/r205/actuators/hvac,coap_b01-f07-r205,psk-07-05
b01-f07-r206,CoAP Floor 07 Room 206,CoAP-ThermalSensor,coap,7,206,,,campus/b01/f07/r206/status,b01-f07-coap-06-token,psk,,,coap://[node_ip]/f07/r206/telemetry,coap://[gateway_ip]/f07/r206/actuators/hvac,coap_b01-f07-r206,psk-07-06
b01-f07-r207,CoAP Floor 07 Room 207,CoAP-ThermalSensor,coap,7,207,,,campus/b01/f07/r207/status,b01-f07-coap-07-token,psk,,,coap://[node_ip]/f07/r207/telemetry,coap://[gateway_ip]/f07/r207/actuators/hvac,coap_b01-f07-r207,psk-07-07
b01-f07-r208,CoAP Floor 07 Room 208,CoAP-ThermalSensor,coap,7,208,,,campus/b01/f07/r208/status,b01-f07-coap-08-token,psk,,,coap://[node_ip]/f07/r208/telemetry,coap://[gateway_ip]/f07/r208/actuators/hvac,coap_b01-f07-r208,psk-07-08
b01-f07-r209,CoAP Floor 07 Room 209,CoAP-ThermalSensor,coap,7,209,,,campus/b01/f07/r209/status,b01-f07-coap-09-token,psk,,,coap://[node_ip]/f07/r209/telemetry,coap://[gateway_ip]/f07/r209/actuators/hvac,coap_b01-f07-r209,psk-07-09
b01-f07-r210,CoAP Floor 07 Room 210,CoAP-ThermalSensor,coap,7,210,,,campus/b01/f07/r210/status,b01-f07-coap-10-token,psk,,,coap://[node_ip]/f07/r210/telemetry,coap://[gateway_ip]/f07/r210/actuators/hvac,coap_b01-f07-r210,psk-07-10
b01-f08-r101,MQTT Floor 08 Room 101,MQTT-ThermalSensor,mqtt,8,101,campus/b01/f08/r101/telemetry,campus/b01/f08/r101/cmd,campus/b01/f08/r101/status,b01-f08-mqtt-01-token,username_password,mqtt_b01-f08-r101,pass_08_01,,,,
b01-f08-r102,MQTT Floor 08 Room 102,MQTT-ThermalSensor,mqtt,8,102,campus/b01/f08/r102/telemetry,campus/b01/f08/r102/cmd,campus/b01/f08/r102/status,b01-f08-mqtt-02-token,username_password,mqtt_b01-f08-r102,pass_08_02,,,,
b01-f08-r103,MQTT Floor 08 Room 103,MQTT-ThermalSensor,mqtt,8,103,campus/b01/f08/r103/telemetry,campus/b01/f08/r103/cmd,campus/b01/f08/r103/status,b01-f08-mqtt-03-token,username_password,mqtt_b01-f08-r103,pass_08_03,,,,
b01-f08-r104,MQTT Floor 08 Room 104,MQTT-ThermalSensor,mqtt,8,104,campus/b01/f08/r104/telemetry,campus/b01/f08/r104/cmd,campus/b01/f08/r104/status,b01-f08-mqtt-04-token,username_password,mqtt_b01-f08-r104,pass_08_04,,,,
b01-f08-r105,MQTT Floor 08 Room 105,MQTT-ThermalSensor,mqtt,8,105,campus/b01/f08/r105/telemetry,campus/b01/f08/r105/cmd,campus/b01/f08/r105/status,b01-f08-mqtt-05-token,username_password,mqtt_b01-f08-r105,pass_08_05,,,,
b01-f08-r106,MQTT Floor 08 Room 106,MQTT-ThermalSensor,mqtt,8,106,campus/b01/f08/r106/telemetry,campus/b01/f08/r106/cmd,campus/b01/f08/r106/status,b01-f08-mqtt-06-token,username_password,mqtt_b01-f08-r106,pass_08_06,,,,
b01-f08-r107,MQTT Floor 08 Room 107,MQTT-ThermalSensor,mqtt,8,107,campus/b01/f08/r107/telemetry,campus/b01/f08/r107/cmd,campus/b01/f08/r107/status,b01-f08-mqtt-07-token,username_password,mqtt_b01-f08-r107,pass_08_07,,,,
b01-f08-r108,MQTT Floor 08 Room 108,MQTT-ThermalSensor,mqtt,8,108,campus/b01/f08/r108/telemetry,campus/b01/f08/r108/cmd,campus/b01/f08/r108/status,b01-f08-mqtt-08-token,username_password,mqtt_b01-f08-r108,pass_08_08,,,,
b01-f08-r109,MQTT Floor 08 Room 109,MQTT-ThermalSensor,mqtt,8,109,campus/b01/f08/r109/telemetry,campus/b01/f08/r109/cmd,campus/b01/f08/r109/status,b01-f08-mqtt-09-token,username_password,mqtt_b01-f08-r109,pass_08_09,,,,
b01-f08-r110,MQTT Floor 08 Room 110,MQTT-ThermalSensor,mqtt,8,110,campus/b01/f08/r110/telemetry,campus/b01/f08/r110/cmd,campus/b01/f08/r110/status,b01-f08-mqtt-10-token,username_password,mqtt_b01-f08-r110,pass_08_10,,,,
b01-f08-r201,CoAP Floor 08 Room 201,CoAP-ThermalSensor,coap,8,201,,,campus/b01/f08/r201/status,b01-f08-coap-01-token,psk,,,coap://[node_ip]/f08/r201/telemetry,coap://[gateway_ip]/f08/r201/actuators/hvac,coap_b01-f08-r201,psk-08-01
b01-f08-r202,CoAP Floor 08 Room 202,CoAP-ThermalSensor,coap,8,202,,,campus/b01/f08/r202/status,b01-f08-coap-02-token,psk,,,coap://[node_ip]/f08/r202/telemetry,coap://[gateway_ip]/f08/r202/actuators/hvac,coap_b01-f08-r202,psk-08-02
b01-f08-r203,CoAP Floor 08 Room 203,CoAP-ThermalSensor,coap,8,203,,,campus/b01/f08/r203/status,b01-f08-coap-03-token,psk,,,coap://[node_ip]/f08/r203/telemetry,coap://[gateway_ip]/f08/r203/actuators/hvac,coap_b01-f08-r203,psk-08-03
b01-f08-r204,CoAP Floor 08 Room 204,CoAP-ThermalSensor,coap,8,204,,,campus/b01/f08/r204/status,b01-f08-coap-04-token,psk,,,coap://[node_ip]/f08/r204/telemetry,coap://[gateway_ip]/f08/r204/actuators/hvac,coap_b01-f08-r204,psk-08-04
b01-f08-r205,CoAP Floor 08 Room 205,CoAP-ThermalSensor,coap,8,205,,,campus/b01/f08/r205/status,b01-f08-coap-05-token,psk,,,coap://[node_ip]/f08/r205/telemetry,coap://[gateway_ip]/f08/r205/actuators/hvac,coap_b01-f08-r205,psk-08-05
b01-f08-r206,CoAP Floor 08 Room 206,CoAP-ThermalSensor,coap,8,206,,,campus/b01/f08/r206/status,b01-f08-coap-06-token,psk,,,coap://[node_ip]/f08/r206/telemetry,coap://[gateway_ip]/f08/r206/actuators/hvac,coap_b01-f08-r206,psk-08-06
b01-f08-r207,CoAP Floor 08 Room 207,CoAP-ThermalSensor,coap,8,207,,,campus/b01/f08/r207/status,b01-f08-coap-07-token,psk,,,coap://[node_ip]/f08/r207/telemetry,coap://[gateway_ip]/f08/r207/actuators/hvac,coap_b01-f08-r207,psk-08-07
b01-f08-r208,CoAP Floor 08 Room 208,CoAP-ThermalSensor,coap,8,208,,,campus/b01/f08/r208/status,b01-f08-coap-08-token,psk,,,coap://[node_ip]/f08/r208/telemetry,coap://[gateway_ip]/f08/r208/actuators/hvac,coap_b01-f08-r208,psk-08-08
b01-f08-r209,CoAP Floor 08 Room 209,CoAP-ThermalSensor,coap,8,209,,,campus/b01/f08/r209/status,b01-f08-coap-09-token,psk,,,coap://[node_ip]/f08/r209/telemetry,coap://[gateway_ip]/f08/r209/actuators/hvac,coap_b01-f08-r209,psk-08-09
b01-f08-r210,CoAP Floor 08 Room 210,CoAP-ThermalSensor,coap,8,210,,,campus/b01/f08/r210/status,b01-f08-coap-10-token,psk,,,coap://[node_ip]/f08/r210/telemetry,coap://[gateway_ip]/f08/r210/actuators/hvac,coap_b01-f08-r210,psk-08-10
b01-f09-r101,MQTT Floor 09 Room 101,MQTT-ThermalSensor,mqtt,9,101,campus/b01/f09/r101/telemetry,campus/b01/f09/r101/cmd,campus/b01/f09/r101/status,b01-f09-mqtt-01-token,username_password,mqtt_b01-f09-r101,pass_09_01,,,,
b01-f09-r102,MQTT Floor 09 Room 102,MQTT-ThermalSensor,mqtt,9,102,campus/b01/f09/r102/telemetry,campus/b01/f09/r102/cmd,campus/b01/f09/r102/status,b01-f09-mqtt-02-token,username_password,mqtt_b01-f09-r102,pass_09_02,,,,
b01-f09-r103,MQTT Floor 09 Room 103,MQTT-ThermalSensor,mqtt,9,103,campus/b01/f09/r103/telemetry,campus/b01/f09/r103/cmd,campus/b01/f09/r103/status,b01-f09-mqtt-03-token,username_password,mqtt_b01-f09-r103,pass_09_03,,,,
b01-f09-r104,MQTT Floor 09 Room 104,MQTT-ThermalSensor,mqtt,9,104,campus/b01/f09/r104/telemetry,campus/b01/f09/r104/cmd,campus/b01/f09/r104/status,b01-f09-mqtt-04-token,username_password,mqtt_b01-f09-r104,pass_09_04,,,,
b01-f09-r105,MQTT Floor 09 Room 105,MQTT-ThermalSensor,mqtt,9,105,campus/b01/f09/r105/telemetry,campus/b01/f09/r105/cmd,campus/b01/f09/r105/status,b01-f09-mqtt-05-token,username_password,mqtt_b01-f09-r105,pass_09_05,,,,
b01-f09-r106,MQTT Floor 09 Room 106,MQTT-ThermalSensor,mqtt,9,106,campus/b01/f09/r106/telemetry,campus/b01/f09/r106/cmd,campus/b01/f09/r106/status,b01-f09-mqtt-06-token,username_password,mqtt_b01-f09-r106,pass_09_06,,,,
b01-f09-r107,MQTT Floor 09 Room 107,MQTT-ThermalSensor,mqtt,9,107,campus/b01/f09/r107/telemetry,campus/b01/f09/r107/cmd,campus/b01/f09/r107/status,b01-f09-mqtt-07-token,username_password,mqtt_b01-f09-r107,pass_09_07,,,,
b01-f09-r108,MQTT Floor 09 Room 108,MQTT-ThermalSensor,mqtt,9,108,campus/b01/f09/r108/telemetry,campus/b01/f09/r108/cmd,campus/b01/f09/r108/status,b01-f09-mqtt-08-token,username_password,mqtt_b01-f09-r108,pass_09_08,,,,
b01-f09-r109,MQTT Floor 09 Room 109,MQTT-ThermalSensor,mqtt,9,109,campus/b01/f09/r109/telemetry,campus/b01/f09/r109/cmd,campus/b01/f09/r109/status,b01-f09-mqtt-09-token,username_password,mqtt_b01-f09-r109,pass_09_09,,,,
b01-f09-r110,MQTT Floor 09 Room 110,MQTT-ThermalSensor,mqtt,9,110,campus/b01/f09/r110/telemetry,campus/b01/f09/r110/cmd,campus/b01/f09/r110/status,b01-f09-mqtt-10-token,username_password,mqtt_b01-f09-r110,pass_09_10,,,,
b01-f09-r201,CoAP Floor 09 Room 201,CoAP-ThermalSensor,coap,9,201,,,campus/b01/f09/r201/status,b01-f09-coap-01-token,psk,,,coap://[node_ip]/f09/r201/telemetry,coap://[gateway_ip]/f09/r201/actuators/hvac,coap_b01-f09-r201,psk-09-01
b01-f09-r202,CoAP Floor 09 Room 202,CoAP-ThermalSensor,coap,9,202,,,campus/b01/f09/r202/status,b01-f09-coap-02-token,psk,,,coap://[node_ip]/f09/r202/telemetry,coap://[gateway_ip]/f09/r202/actuators/hvac,coap_b01-f09-r202,psk-09-02
b01-f09-r203,CoAP Floor 09 Room 203,CoAP-ThermalSensor,coap,9,203,,,campus/b01/f09/r203/status,b01-f09-coap-03-token,psk,,,coap://[node_ip]/f09/r203/telemetry,coap://[gateway_ip]/f09/r203/actuators/hvac,coap_b01-f09-r203,psk-09-03
b01-f09-r204,CoAP Floor 09 Room 204,CoAP-ThermalSensor,coap,9,204,,,campus/b01/f09/r204/status,b01-f09-coap-04-token,psk,,,coap://[node_ip]/f09/r204/telemetry,coap://[gateway_ip]/f09/r204/actuators/hvac,coap_b01-f09-r204,psk-09-04
b01-f09-r205,CoAP Floor 09 Room 205,CoAP-ThermalSensor,coap,9,205,,,campus/b01/f09/r205/status,b01-f09-coap-05-token,psk,,,coap://[node_ip]/f09/r205/telemetry,coap://[gateway_ip]/f09/r205/actuators/hvac,coap_b01-f09-r205,psk-09-05
b01-f09-r206,CoAP Floor 09 Room 206,CoAP-ThermalSensor,coap,9,206,,,campus/b01/f09/r206/status,b01-f09-coap-06-token,psk,,,coap://[node_ip]/f09/r206/telemetry,coap://[gateway_ip]/f09/r206/actuators/hvac,coap_b01-f09-r206,psk-09-06
b01-f09-r207,CoAP Floor 09 Room 207,CoAP-ThermalSensor,coap,9,207,,,campus/b01/f09/r207/status,b01-f09-coap-07-token,psk,,,coap://[node_ip]/f09/r207/telemetry,coap://[gateway_ip]/f09/r207/actuators/hvac,coap_b01-f09-r207,psk-09-07
b01-f09-r208,CoAP Floor 09 Room 208,CoAP-ThermalSensor,coap,9,208,,,campus/b01/f09/r208/status,b01-f09-coap-08-token,psk,,,coap://[node_ip]/f09/r208/telemetry,coap://[gateway_ip]/f09/r208/actuators/hvac,coap_b01-f09-r208,psk-09-08
b01-f09-r209,CoAP Floor 09 Room 209,CoAP-ThermalSensor,coap,9,209,,,campus/b01/f09/r209/status,b01-f09-coap-09-token,psk,,,coap://[node_ip]/f09/r209/telemetry,coap://[gateway_ip]/f09/r209/actuators/hvac,coap_b01-f09-r209,psk-09-09
b01-f09-r210,CoAP Floor 09 Room 210,CoAP-ThermalSensor,coap,9,210,,,campus/b01/f09/r210/status,b01-f09-coap-10-token,psk,,,coap://[node_ip]/f09/r210/telemetry,coap://[gateway_ip]/f09/r210/actuators/hvac,coap_b01-f09-r210,psk-09-10
b01-f10-r101,MQTT Floor 10 Room 101,MQTT-ThermalSensor,mqtt,10,101,campus/b01/f10/r101/telemetry,campus/b01/f10/r101/cmd,campus/b01/f10/r101/status,b01-f10-mqtt-01-token,username_password,mqtt_b01-f10-r101,pass_10_01,,,,
b01-f10-r102,MQTT Floor 10 Room 102,MQTT-ThermalSensor,mqtt,10,102,campus/b01/f10/r102/telemetry,campus/b01/f10/r102/cmd,campus/b01/f10/r102/status,b01-f10-mqtt-02-token,username_password,mqtt_b01-f10-r102,pass_10_02,,,,
b01-f10-r103,MQTT Floor 10 Room 103,MQTT-ThermalSensor,mqtt,10,103,campus/b01/f10/r103/telemetry,campus/b01/f10/r103/cmd,campus/b01/f10/r103/status,b01-f10-mqtt-03-token,username_password,mqtt_b01-f10-r103,pass_10_03,,,,
b01-f10-r104,MQTT Floor 10 Room 104,MQTT-ThermalSensor,mqtt,10,104,campus/b01/f10/r104/telemetry,campus/b01/f10/r104/cmd,campus/b01/f10/r104/status,b01-f10-mqtt-04-token,username_password,mqtt_b01-f10-r104,pass_10_04,,,,
b01-f10-r105,MQTT Floor 10 Room 105,MQTT-ThermalSensor,mqtt,10,105,campus/b01/f10/r105/telemetry,campus/b01/f10/r105/cmd,campus/b01/f10/r105/status,b01-f10-mqtt-05-token,username_password,mqtt_b01-f10-r105,pass_10_05,,,,
b01-f10-r106,MQTT Floor 10 Room 106,MQTT-ThermalSensor,mqtt,10,106,campus/b01/f10/r106/telemetry,campus/b01/f10/r106/cmd,campus/b01/f10/r106/status,b01-f10-mqtt-06-token,username_password,mqtt_b01-f10-r106,pass_10_06,,,,
b01-f10-r107,MQTT Floor 10 Room 107,MQTT-ThermalSensor,mqtt,10,107,campus/b01/f10/r107/telemetry,campus/b01/f10/r107/cmd,campus/b01/f10/r107/status,b01-f10-mqtt-07-token,username_password,mqtt_b01-f10-r107,pass_10_07,,,,
b01-f10-r108,MQTT Floor 10 Room 108,MQTT-ThermalSensor,mqtt,10,108,campus/b01/f10/r108/telemetry,campus/b01/f10/r108/cmd,campus/b01/f10/r108/status,b01-f10-mqtt-08-token,username_password,mqtt_b01-f10-r108,pass_10_08,,,,
b01-f10-r109,MQTT Floor 10 Room 109,MQTT-ThermalSensor,mqtt,10,109,campus/b01/f10/r109/telemetry,campus/b01/f10/r109/cmd,campus/b01/f10/r109/status,b01-f10-mqtt-09-token,username_password,mqtt_b01-f10-r109,pass_10_09,,,,
b01-f10-r110,MQTT Floor 10 Room 110,MQTT-ThermalSensor,mqtt,10,110,campus/b01/f10/r110/telemetry,campus/b01/f10/r110/cmd,campus/b01/f10/r110/status,b01-f10-mqtt-10-token,username_password,mqtt_b01-f10-r110,pass_10_10,,,,
b01-f10-r201,CoAP Floor 10 Room 201,CoAP-ThermalSensor,coap,10,201,,,campus/b01/f10/r201/status,b01-f10-coap-01-token,psk,,,coap://[node_ip]/f10/r201/telemetry,coap://[gateway_ip]/f10/r201/actuators/hvac,coap_b01-f10-r201,psk-10-01
b01-f10-r202,CoAP Floor 10 Room 202,CoAP-ThermalSensor,coap,10,202,,,campus/b01/f10/r202/status,b01-f10-coap-02-token,psk,,,coap://[node_ip]/f10/r202/telemetry,coap://[gateway_ip]/f10/r202/actuators/hvac,coap_b01-f10-r202,psk-10-02
b01-f10-r203,CoAP Floor 10 Room 203,CoAP-ThermalSensor,coap,10,203,,,campus/b01/f10/r203/status,b01-f10-coap-03-token,psk,,,coap://[node_ip]/f10/r203/telemetry,coap://[gateway_ip]/f10/r203/actuators/hvac,coap_b01-f10-r203,psk-10-03
b01-f10-r204,CoAP Floor 10 Room 204,CoAP-ThermalSensor,coap,10,204,,,campus/b01/f10/r204/status,b01-f10-coap-04-token,psk,,,coap://[node_ip]/f10/r204/telemetry,coap://[gateway_ip]/f10/r204/actuators/hvac,coap_b01-f10-r204,psk-10-04
b01-f10-r205,CoAP Floor 10 Room 205,CoAP-ThermalSensor,coap,10,205,,,campus/b01/f10/r205/status,b01-f10-coap-05-token,psk,,,coap://[node_ip]/f10/r205/telemetry,coap://[gateway_ip]/f10/r205/actuators/hvac,coap_b01-f10-r205,psk-10-05
b01-f10-r206,CoAP Floor 10 Room 206,CoAP-ThermalSensor,coap,10,206,,,campus/b01/f10/r206/status,b01-f10-coap-06-token,psk,,,coap://[node_ip]/f10/r206/telemetry,coap://[gateway_ip]/f10/r206/actuators/hvac,coap_b01-f10-r206,psk-10-06
b01-f10-r207,CoAP Floor 10 Room 207,CoAP-ThermalSensor,coap,10,207,,,campus/b01/f10/r207/status,b01-f10-coap-07-token,psk,,,coap://[node_ip]/f10/r207/telemetry,coap://[gateway_ip]/f10/r207/actuators/hvac,coap_b01-f10-r207,psk-10-07
b01-f10-r208,CoAP Floor 10 Room 208,CoAP-ThermalSensor,coap,10,208,,,campus/b01/f10/r208/status,b01-f10-coap-08-token,psk,,,coap://[node_ip]/f10/r208/telemetry,coap://[gateway_ip]/f10/r208/actuators/hvac,coap_b01-f10-r208,psk-10-08
b01-f10-r209,CoAP Floor 10 Room 209,CoAP-ThermalSensor,coap,10,209,,,campus/b01/f10/r209/status,b01-f10-coap-09-token,psk,,,coap://[node_ip]/f10/r209/telemetry,coap://[gateway_ip]/f10/r209/actuators/hvac,coap_b01-f10-r209,psk-10-09
b01-f10-r210,CoAP Floor 10 Room 210,CoAP-ThermalSensor,coap,10,210,,,campus/b01/f10/r210/status,b01-f10-coap-10-token,psk,,,coap://[node_ip]/f10/r210/telemetry,coap://[gateway_ip]/f10/r210/actuators/hvac,coap_b01-f10-r210,psk-10-10
